{
    "run_id": "20260113_185649",
    "timestamp": "2026-01-13T19:03:39.639469",
    "models": {
        "LSTM": {
            "hyperparameters": {
                "lstm_layers": [
                    64,
                    128,
                    16
                ],
                "dropout": 0.2,
                "batch_size": 32,
                "max_epochs": 100,
                "optimizer": "adam",
                "loss_function": "huber",
                "early_stopping_patience": 10,
                "lr_reduce_patience": 5,
                "validation_split": 0.1,
                "window_size": 72
            },
            "epochs_trained": 28,
            "loss_history": [
                0.15190039575099945,
                0.10707812011241913,
                0.09168814867734909,
                0.08051926642656326,
                0.07313255965709686,
                0.06632371246814728,
                0.06002505496144295,
                0.05566594749689102,
                0.05334898456931114,
                0.051184166222810745,
                0.04881059005856514,
                0.046523772180080414,
                0.04503602907061577,
                0.04430980235338211,
                0.04308496415615082,
                0.04085730388760567,
                0.04006029665470123,
                0.039039675146341324,
                0.03634573146700859,
                0.03598790243268013,
                0.03454564884305,
                0.03359276056289673,
                0.03257158398628235,
                0.02978585474193096,
                0.0267673097550869,
                0.025592433288693428,
                0.02444470301270485,
                0.02489691972732544
            ],
            "val_loss_history": [
                0.49809426069259644,
                0.44183653593063354,
                0.4382442831993103,
                0.3893311321735382,
                0.39356207847595215,
                0.3494111895561218,
                0.33182060718536377,
                0.31892749667167664,
                0.2927049696445465,
                0.28416597843170166,
                0.2806408405303955,
                0.280994176864624,
                0.2749985456466675,
                0.2967584729194641,
                0.2849862277507782,
                0.30923813581466675,
                0.2876667082309723,
                0.27316078543663025,
                0.30380332469940186,
                0.29311755299568176,
                0.2924816608428955,
                0.2896375060081482,
                0.28860220313072205,
                0.2928812503814697,
                0.3010493218898773,
                0.3007185459136963,
                0.29277893900871277,
                0.31180644035339355
            ],
            "final_loss": 0.02489691972732544,
            "final_val_loss": 0.31180644035339355,
            "best_val_loss": 0.27316078543663025,
            "learning_rate_history": [],
            "final_rmse": 37.481423260209986,
            "final_mae": 15.945135564906751
        },
        "XGBoost": {
            "hyperparameters": {
                "objective": "reg:squarederror",
                "base_score": 0.5,
                "booster": "gbtree",
                "callbacks": null,
                "colsample_bylevel": 1,
                "colsample_bynode": 1,
                "colsample_bytree": 0.8315647285092096,
                "early_stopping_rounds": null,
                "enable_categorical": false,
                "eval_metric": null,
                "gamma": 0,
                "gpu_id": -1,
                "grow_policy": "depthwise",
                "importance_type": null,
                "interaction_constraints": "",
                "learning_rate": 0.08116740655110603,
                "max_bin": 256,
                "max_cat_to_onehot": 4,
                "max_delta_step": 0,
                "max_depth": 8,
                "max_leaves": 0,
                "min_child_weight": 5,
                "monotone_constraints": "()",
                "n_estimators": 1200,
                "n_jobs": 0,
                "num_parallel_tree": 1,
                "predictor": "auto",
                "random_state": 0,
                "reg_alpha": 0,
                "reg_lambda": 1,
                "sampling_method": "uniform",
                "scale_pos_weight": 1,
                "subsample": 0.9828682092723477,
                "tree_method": "exact",
                "validate_parameters": 1,
                "verbosity": null
            },
            "tuned": true,
            "optuna_history": {
                "study_metadata": {
                    "n_trials": 5,
                    "best_rmse": 34.09230530469632,
                    "best_params": {
                        "n_estimators": 1200,
                        "learning_rate": 0.08116740655110603,
                        "max_depth": 8,
                        "min_child_weight": 5,
                        "subsample": 0.9828682092723477,
                        "colsample_bytree": 0.8315647285092096
                    },
                    "baseline_rmse": 36.56620131980975,
                    "baseline_params": {
                        "objective": "reg:squarederror",
                        "n_estimators": 500,
                        "learning_rate": 0.1,
                        "max_depth": 6,
                        "random_state": 42
                    },
                    "improvement": {
                        "rmse_delta": 2.473896015113432,
                        "rmse_pct": 6.7655264310247025
                    }
                },
                "all_trials": [
                    {
                        "trial_number": 0,
                        "rmse": 34.326016424213385,
                        "params": {
                            "n_estimators": 1200,
                            "learning_rate": 0.07103210230527282,
                            "max_depth": 7,
                            "min_child_weight": 6,
                            "subsample": 0.9274565580298002,
                            "colsample_bytree": 0.8474929426740053
                        },
                        "state": "COMPLETE"
                    },
                    {
                        "trial_number": 1,
                        "rmse": 34.28580107433627,
                        "params": {
                            "n_estimators": 500,
                            "learning_rate": 0.025943269248475693,
                            "max_depth": 8,
                            "min_child_weight": 4,
                            "subsample": 0.6459475152536995,
                            "colsample_bytree": 0.5272182221029709
                        },
                        "state": "COMPLETE"
                    },
                    {
                        "trial_number": 2,
                        "rmse": 34.09230530469632,
                        "params": {
                            "n_estimators": 1200,
                            "learning_rate": 0.08116740655110603,
                            "max_depth": 8,
                            "min_child_weight": 5,
                            "subsample": 0.9828682092723477,
                            "colsample_bytree": 0.8315647285092096
                        },
                        "state": "COMPLETE"
                    },
                    {
                        "trial_number": 3,
                        "rmse": 34.37047162877915,
                        "params": {
                            "n_estimators": 1500,
                            "learning_rate": 0.016500354033183385,
                            "max_depth": 7,
                            "min_child_weight": 2,
                            "subsample": 0.6912922740431404,
                            "colsample_bytree": 0.5137253502648582
                        },