{
    "Model": "LSTM",
    "RMSE": 37.481423260209986,
    "MAE": 15.945135564906751,
    "N_points": 1727,
    "Delta_RMSE_vs_Naive": -28.623764009478812,
    "Delta_Pct_vs_Naive": -43.30032965900645
}