{
    "rmse": 66.1051872696888,
    "mae": 38.02562246670527,
    "n_points": 1727,
    "delta_naive": 0.0,
    "timestamp": "2026-01-13T19:03:39.637071",
    "run_id": "20260113_185649"
}