{
    "rmse": 66.1051872696888,
    "mae": 38.02562246670527,
    "n_points": 1727,
    "delta_naive": 0.0,
    "timestamp": "2026-01-20T23:25:44.094027",
    "run_id": "20260120_231738"
}