{
    "rmse": 66.1051872696888,
    "mae": 38.02562246670527,
    "n_points": 1727,
    "delta_naive": 0.0,
    "timestamp": "2026-01-21T00:31:49.378865",
    "run_id": "20260120_234423"
}