{
    "rmse": 91.31184819912606,
    "mae": 50.70061378112334,
    "n_points": 1727,
    "delta_naive": 25.206660929437263,
    "timestamp": "2026-01-13T20:12:27.508798",
    "run_id": "20260113_193936"
}