{
    "rmse": 91.31184819912606,
    "mae": 50.70061378112334,
    "n_points": 1727,
    "delta_naive": 25.206660929437263,
    "timestamp": "2026-01-20T23:25:44.095589",
    "run_id": "20260120_231738"
}