{
    "rmse": 91.31184819912606,
    "mae": 50.70061378112334,
    "n_points": 1727,
    "delta_naive": 25.206660929437263,
    "timestamp": "2026-01-21T00:31:49.380223",
    "run_id": "20260120_234423"
}