{
    "rmse": 74.59690860442943,
    "mae": 40.90463350796658,
    "n_points": 1703,
    "delta_naive": 8.491721334740632,
    "timestamp": "2026-01-13T19:03:39.639054",
    "run_id": "20260113_185649"
}