{
    "rmse": 80.04284009339146,
    "mae": 47.30045868641338,
    "n_points": 1703,
    "delta_naive": 13.937652823702663,
    "timestamp": "2026-01-20T23:25:44.102013",
    "run_id": "20260120_231738"
}