{
    "rmse": 80.04284009339146,
    "mae": 47.30045868641338,
    "n_points": 1703,
    "delta_naive": 13.937652823702663,
    "timestamp": "2026-01-21T00:31:49.386679",
    "run_id": "20260120_234423"
}