Model,RMSE,MAE,N_points,Delta_RMSE_vs_Naive,Delta_Pct_vs_Naive
Naive_persistence,66.1051872696888,38.02562246670527,1727,0.0,0.0
Naive_naive_24h,91.31184819912606,50.70061378112334,1727,25.206660929437263,38.13113912922121
Naive_naive_7d,95.23519493746558,51.55068326577881,1727,29.13000766777678,44.066144989402
XGBoost,66.16378174439774,34.93039862775551,1703,0.05859447470893997,0.08863824024867
XGB_LagCyclical,80.04284009339146,47.30045868641338,1703,13.937652823702663,21.08405315734351
LSTM,38.43306504614587,16.18644971491796,1727,-27.672122223542928,-41.860742502171874
