Model,RMSE,MAE,N_points,Delta_RMSE_vs_Naive,Delta_Pct_vs_Naive
Naive_persistence,66.1051872696888,38.02562246670527,1727,0.0,0.0
Naive_naive_24h,91.31184819912606,50.70061378112334,1727,25.206660929437263,38.13113912922121
Naive_naive_7d,95.23519493746558,51.55068326577881,1727,29.13000766777678,44.066144989402
XGBoost,66.07601148810944,34.29204660672128,1703,-0.02917578157935452,-0.04413538904341397
XGB_LagCyclical,80.04284009339146,47.30045868641338,1703,13.937652823702663,21.08405315734351
LSTM,38.38721628924845,16.900106039663918,1727,-27.71797098044035,-41.930099777736906
