{
    "run_id": "20260120_231738",
    "timestamp": "2026-01-20T23:25:44.102684",
    "models": {
        "LSTM": {
            "hyperparameters": {
                "lstm_layers": [
                    64,
                    128,
                    16
                ],
                "dropout": 0.2,
                "batch_size": 32,
                "max_epochs": 100,
                "optimizer": "adam",
                "loss_function": "huber",
                "early_stopping_patience": 10,
                "lr_reduce_patience": 5,
                "validation_split": 0.1,
                "window_size": 72
            },
            "epochs_trained": 33,
            "loss_history": [
                0.15512730181217194,
                0.10613669455051422,
                0.09053795784711838,
                0.08122684061527252,
                0.0725308358669281,
                0.0654945895075798,
                0.060304559767246246,
                0.05803611874580383,
                0.054696183651685715,
                0.05134465917944908,
                0.04900284856557846,
                0.04711347818374634,
                0.04583500698208809,
                0.04421918839216232,
                0.04185345023870468,
                0.041529182344675064,
                0.0396011620759964,
                0.039598144590854645,
                0.03726085647940636,
                0.03608566150069237,
                0.03229159116744995,
                0.02848283387720585,
                0.028777416795492172,
                0.027739236131310463,
                0.027080386877059937,
                0.026792332530021667,
                0.02671080268919468,
                0.023822244256734848,
                0.02344878949224949,
                0.02239951118826866,
                0.02265908196568489,
                0.02182096801698208,
                0.020818594843149185
            ],
            "val_loss_history": [
                0.46204355359077454,
                0.4156402051448822,
                0.37435394525527954,
                0.35780492424964905,
                0.34309613704681396,
                0.31096866726875305,
                0.27149903774261475,
                0.2959783971309662,
                0.26434028148651123,
                0.3008390963077545,
                0.28925177454948425,
                0.2800220847129822,
                0.25761574506759644,
                0.29113659262657166,
                0.26633137464523315,
                0.2580808997154236,
                0.27790147066116333,
                0.28116968274116516,
                0.30080094933509827,
                0.27631106972694397,
                0.277864009141922,
                0.2679109573364258,
                0.27173054218292236,
                0.3075806200504303,
                0.28065308928489685,
                0.27485451102256775,
                0.28703880310058594,
                0.2836451530456543,
                0.2853946089744568,
                0.2758062481880188,
                0.2859176993370056,
                0.29035764932632446,
                0.29890596866607666
            ],
            "final_loss": 0.020818594843149185,
            "final_val_loss": 0.29890596866607666,
            "best_val_loss": 0.25761574506759644,
            "learning_rate_history": [],
            "final_rmse": 38.43306504614587,
            "final_mae": 16.18644971491796
        },
        "XGBoost": {
            "hyperparameters": {
                "objective": "reg:squarederror",
                "base_score": 0.5,
                "booster": "gbtree",
                "callbacks": null,
                "colsample_bylevel": 1,
                "colsample_bynode": 1,
                "colsample_bytree": 1,
                "early_stopping_rounds": null,
                "enable_categorical": false,
                "eval_metric": null,
                "gamma": 0,
                "gpu_id": -1,
                "grow_policy": "depthwise",
                "importance_type": null,
                "interaction_constraints": "",
                "learning_rate": 0.05,
                "max_bin": 256,
                "max_cat_to_onehot": 4,
                "max_delta_step": 0,
                "max_depth": 6,
                "max_leaves": 0,
                "min_child_weight": 1,
                "monotone_constraints": "()",
                "n_estimators": 1000,
                "n_jobs": -1,
                "num_parallel_tree": 1,
                "predictor": "auto",
                "random_state": 42,
                "reg_alpha": 0,
                "reg_lambda": 1,
                "sampling_method": "uniform",
                "scale_pos_weight": 1,
                "subsample": 1,
                "tree_method": "exact",
                "validate_parameters": 1,
                "verbosity": null
            },
            "tuned": false,
            "final_rmse": 66.16378174439774,
            "final_mae": 34.93039862775551
        }
    }
}