{
    "run_id": "20260120_234423",
    "timestamp": "2026-01-21T00:31:49.387067",
    "models": {
        "LSTM": {
            "hyperparameters": {
                "lstm_layers": [
                    64,
                    128,
                    16
                ],
                "dropout": 0.2,
                "batch_size": 32,
                "max_epochs": 100,
                "optimizer": "adam",
                "loss_function": "huber",
                "early_stopping_patience": 10,
                "lr_reduce_patience": 5,
                "validation_split": 0.1,
                "window_size": 120
            },
            "epochs_trained": 41,
            "loss_history": [
                0.14812558889389038,
                0.10518749058246613,
                0.09013129025697708,
                0.07937157154083252,
                0.07099026441574097,
                0.0661008208990097,
                0.060499440878629684,
                0.05557214468717575,
                0.052811700850725174,
                0.051191043108701706,
                0.04703093692660332,
                0.04579763114452362,
                0.045941829681396484,
                0.04277312755584717,
                0.04178279638290405,
                0.040677089244127274,
                0.03904621675610542,
                0.03764542564749718,
                0.03650418668985367,
                0.03392123058438301,
                0.031055347993969917,
                0.028895089402794838,
                0.027442950755357742,
                0.025862250477075577,
                0.02587529830634594,
                0.025787323713302612,
                0.0249498151242733,
                0.024316413328051567,
                0.02277473546564579,
                0.02206394076347351,
                0.020813198760151863,
                0.020362718030810356,
                0.02013501524925232,
                0.019402965903282166,
                0.0192714836448431,
                0.019809970632195473,
                0.018788006156682968,
                0.01802610047161579,
                0.018043240532279015,
                0.018033957108855247,
                0.01812596060335636
            ],
            "val_loss_history": [
                0.48429954051971436,
                0.45350024104118347,
                0.42257159948349,
                0.4179326891899109,
                0.3770225942134857,
                0.38823390007019043,
                0.3753659129142761,
                0.3669263422489166,
                0.34249988198280334,
                0.3487999737262726,
                0.34810253977775574,
                0.33152541518211365,
                0.3233187794685364,
                0.33287250995635986,
                0.36838725209236145,
                0.3567848801612854,
                0.3655998408794403,
                0.32690078020095825,
                0.3452838659286499,
                0.3390529155731201,
                0.30907750129699707,
                0.3427107334136963,
                0.33950862288475037,
                0.34226560592651367,
                0.3410184979438782,
                0.349889874458313,
                0.36080703139305115,
                0.34785374999046326,
                0.3490563929080963,
                0.3416106104850769,
                0.3446873724460602,
                0.3654702603816986,
                0.35117265582084656,
                0.3529076874256134,
                0.3522709906101227,
                0.355011522769928,
                0.3455091118812561,
                0.3506198823451996,
                0.3517192602157593,
                0.3516727089881897,
                0.34784507751464844
            ],
            "final_loss": 0.01812596060335636,
            "final_val_loss": 0.34784507751464844,
            "best_val_loss": 0.30907750129699707,
            "learning_rate_history": [],
            "final_rmse": 38.38721628924845,
            "final_mae": 16.900106039663918,
            "optuna_history": {
                "study_metadata": {
                    "n_trials": 10,
                    "best_rmse": 48.91746858477483,
                    "best_params": {
                        "window_size": 120,
                        "units_1": 64,
                        "units_2": 256,
                        "units_3": 8,
                        "dropout": 0.1,
                        "learning_rate": 0.0026618811583474537,
                        "batch_size": 32
                    },
                    "best_trial_number": 2
                },
                "all_trials": [
                    {
                        "trial_number": 0,
                        "rmse": 59.29935887860759,
                        "params": {
                            "window_size": 72,
                            "units_1": 128,
                            "units_2": 256,
                            "units_3": 8,
                            "dropout": 0.4,
                            "learning_rate": 0.0003228835359826733,
                            "batch_size": 32
                        },
                        "epochs_trained": 9,
                        "best_val_loss": 0.3647924065589905
                    },
                    {
                        "trial_number": 1,
                        "rmse": 54.43443402788044,
                        "params": {
                            "window_size": 72,
                            "units_1": 64,
                            "units_2": 128,
                            "units_3": 8,
                            "dropout": 0.4,
                            "learning_rate": 0.0006384559768284301,
                            "batch_size": 16
                        },
                        "epochs_trained": 24,
                        "best_val_loss": 0.32296210527420044
                    },
                    {
                        "trial_number": 2,
                        "rmse": 48.91746858477483,
                        "params": {
                            "window_size": 120,
                            "units_1": 64,
                            "units_2": 256,
                            "units_3": 8,
                            "dropout": 0.1,
                            "learning_rate": 0.0026618811583474537,
                            "batch_size": 32
                        },
                        "epochs_trained": 12,
                        "best_val_loss": 0.24549631774425507
                    },
                    {
                        "trial_number": 3,
                        "rmse": 60.924820184616145,
                        "params": {
                            "window_size": 48,
                            "units_1": 128,
                            "units_2": 128,
                            "units_3": 8,
                            "dropout": 0.30000000000000004,
                            "learning_rate": 0.00015919981525239695,
                            "batch_size": 32
                        },
                        "epochs_trained": 10,
                        "best_val_loss": 0.42872098088264465
                    },
                    {
                        "trial_number": 4,
                        "rmse": 60.07001818292074,
                        "params": {
                            "window_size": 48,
                            "units_1": 128,
                            "units_2": 64,
                            "units_3": 8,
                            "dropout": 0.4,
                            "learning_rate": 0.0007767153600488029,
                            "batch_size": 64
                        },
                        "epochs_trained": 12,
                        "best_val_loss": 0.40054404735565186
                    },
                    {
                        "trial_number": 5,