{
    "study_metadata": {
        "n_trials": 30,
        "best_rmse": 33.492823321561424,
        "best_params": {
            "n_estimators": 600,
            "learning_rate": 0.012756971158234095,
            "max_depth": 9,
            "min_child_weight": 9,
            "subsample": 0.6281733377953735,
            "colsample_bytree": 0.5548643741280592
        },
        "baseline_rmse": 35.772535551952295,
        "baseline_params": {
            "objective": "reg:squarederror",
            "n_estimators": 500,
            "learning_rate": 0.1,
            "max_depth": 6,
            "random_state": 42
        },
        "improvement": {
            "rmse_delta": 2.279712230390871,
            "rmse_pct": 6.372800236874612
        }
    },
    "all_trials": [
        {
            "trial_number": 0,
            "rmse": 34.26929749589803,
            "params": {
                "n_estimators": 700,
                "learning_rate": 0.02361488952488911,
                "max_depth": 6,
                "min_child_weight": 8,
                "subsample": 0.9193284259871777,
                "colsample_bytree": 0.8266004378822113
            },
            "state": "COMPLETE"
        },
        {
            "trial_number": 1,
            "rmse": 34.822116099499674,
            "params": {
                "n_estimators": 1800,
                "learning_rate": 0.12694249543751596,
                "max_depth": 8,
                "min_child_weight": 7,
                "subsample": 0.6059909921538107,
                "colsample_bytree": 0.5638779405594481
            },
            "state": "COMPLETE"
        },
        {
            "trial_number": 2,
            "rmse": 34.968050866159864,
            "params": {
                "n_estimators": 900,
                "learning_rate": 0.08634189410258446,
                "max_depth": 10,
                "min_child_weight": 1,
                "subsample": 0.5660028014154459,
                "colsample_bytree": 0.8601712558651342
            },
            "state": "COMPLETE"
        },
        {
            "trial_number": 3,
            "rmse": 34.627067131430806,
            "params": {
                "n_estimators": 1600,
                "learning_rate": 0.028988934270042167,
                "max_depth": 5,
                "min_child_weight": 5,
                "subsample": 0.6532928335485597,
                "colsample_bytree": 0.8536634466234798
            },
            "state": "COMPLETE"
        },
        {
            "trial_number": 4,
            "rmse": 36.040523668931186,
            "params": {
                "n_estimators": 1300,
                "learning_rate": 0.05500779235091794,
                "max_depth": 3,
                "min_child_weight": 10,
                "subsample": 0.8145550652908724,
                "colsample_bytree": 0.9896261546203959
            },
            "state": "COMPLETE"
        },
        {
            "trial_number": 5,
            "rmse": 34.86968773660214,
            "params": {
                "n_estimators": 500,
                "learning_rate": 0.0385870606950765,
                "max_depth": 8,
                "min_child_weight": 3,
                "subsample": 0.8691802748753801,
                "colsample_bytree": 0.9212649547003158
            },
            "state": "COMPLETE"
        },
        {
            "trial_number": 6,
            "rmse": 34.030740074335036,
            "params": {
                "n_estimators": 600,
                "learning_rate": 0.0167913594389182,
                "max_depth": 4,
                "min_child_weight": 1,
                "subsample": 0.9596291533472645,
                "colsample_bytree": 0.7396432827970305
            },
            "state": "COMPLETE"
        },
        {
            "trial_number": 7,
            "rmse": 35.05443530015456,
            "params": {
                "n_estimators": 200,
                "learning_rate": 0.09510071072735048,
                "max_depth": 6,
                "min_child_weight": 3,
                "subsample": 0.5484034551422927,
                "colsample_bytree": 0.971051592915815
            },
            "state": "COMPLETE"
        },
        {
            "trial_number": 8,
            "rmse": 34.84288175772278,
            "params": {
                "n_estimators": 1900,
                "learning_rate": 0.05371330319747706,
                "max_depth": 8,
                "min_child_weight": 6,
                "subsample": 0.5603975896641975,
                "colsample_bytree": 0.891367801193121
            },
            "state": "COMPLETE"
        },
        {
            "trial_number": 9,
            "rmse": 36.394357739129255,
            "params": {
                "n_estimators": 1900,
                "learning_rate": 0.05360865014625857,
                "max_depth": 3,
                "min_child_weight": 8,
                "subsample": 0.6898606220396417,
                "colsample_bytree": 0.9470184333951711
            },
            "state": "COMPLETE"
        },
        {
            "trial_number": 10,
            "rmse": 34.06597657296203,
            "params": {
                "n_estimators": 1100,
                "learning_rate": 0.010269140367994803,
                "max_depth": 4,
                "min_child_weight": 1,
                "subsample": 0.9949547939876984,
                "colsample_bytree": 0.6698491789259362
            },
            "state": "COMPLETE"
        },
        {
            "trial_number": 11,
            "rmse": 34.056055101384906,
            "params": {
                "n_estimators": 1100,
                "learning_rate": 0.01056619441886723,
                "max_depth": 4,
                "min_child_weight": 1,
                "subsample": 0.9955765269595022,
                "colsample_bytree": 0.6588683761368642
            },
            "state": "COMPLETE"
        },
        {
            "trial_number": 12,
            "rmse": 33.944929511563956,
            "params": {
                "n_estimators": 1300,
                "learning_rate": 0.010016541123787514,
                "max_depth": 4,
                "min_child_weight": 3,
                "subsample": 0.9677101836991748,
                "colsample_bytree": 0.7010855360701385
            },
            "state": "COMPLETE"
        },
        {
            "trial_number": 13,
            "rmse": 36.11109881203554,
            "params": {
                "n_estimators": 1400,
                "learning_rate": 0.27976508494934904,
                "max_depth": 5,
                "min_child_weight": 3,
                "subsample": 0.7737486313720193,
                "colsample_bytree": 0.7479856264980154
            },
            "state": "COMPLETE"
        },
        {
            "trial_number": 14,
            "rmse": 33.91937796813388,
            "params": {
                "n_estimators": 400,
                "learning_rate": 0.01824662976023942,
                "max_depth": 4,
                "min_child_weight": 4,
                "subsample": 0.9180794291854109,
                "colsample_bytree": 0.7463545456375521
            },
            "state": "COMPLETE"
        },
        {
            "trial_number": 15,
            "rmse": 33.849472733494004,
            "params": {
                "n_estimators": 200,
                "learning_rate": 0.01738578043831178,
                "max_depth": 5,
                "min_child_weight": 4,
                "subsample": 0.8774187933480224,
                "colsample_bytree": 0.6493698057226643
            },
            "state": "COMPLETE"
        },
        {
            "trial_number": 16,
            "rmse": 33.897082124184806,
            "params": {
                "n_estimators": 200,
                "learning_rate": 0.018180595401742477,
                "max_depth": 7,
                "min_child_weight": 5,
                "subsample": 0.8713345183872492,