{
    "rmse": 37.481423260209986,
    "mae": 15.945135564906751,
    "n_points": 1727,
    "delta_naive": -28.623764009478812,
    "timestamp": "2026-01-13T19:03:39.639273",
    "run_id": "20260113_185649"
}