{
    "rmse": 40.04025918276009,
    "mae": 16.689949077137662,
    "n_points": 1727,
    "delta_naive": -26.06492808692871,
    "timestamp": "2026-01-13T20:12:27.510273",
    "run_id": "20260113_193936"
}