{
    "rmse": 37.46754743620762,
    "mae": 15.975999659380037,
    "n_points": 1727,
    "delta_naive": -28.63763983348118,
    "timestamp": "2026-01-13T21:14:21.012597",
    "run_id": "20260113_210557"
}