{
    "rmse": 38.43306504614587,
    "mae": 16.18644971491796,
    "n_points": 1727,
    "delta_naive": -27.672122223542928,
    "timestamp": "2026-01-20T23:25:44.102476",
    "run_id": "20260120_231738"
}