{
    "rmse": 38.38721628924845,
    "mae": 16.900106039663918,
    "n_points": 1727,
    "delta_naive": -27.71797098044035,
    "timestamp": "2026-01-21T00:31:49.386910",
    "run_id": "20260120_234423"
}