{
    "units_1": 128,
    "units_2": 16,
    "dropout": 0.1783334433657196,
    "learning_rate": 0.004481720551198019,
    "batch_size": 32
}