{
    "rmse": 95.23519493746558,
    "mae": 51.55068326577881,
    "n_points": 1727,
    "delta_naive": 29.13000766777678,
    "timestamp": "2026-01-13T20:12:27.509001",
    "run_id": "20260113_193936"
}