{
    "rmse": 95.23519493746558,
    "mae": 51.55068326577881,
    "n_points": 1727,
    "delta_naive": 29.13000766777678,
    "timestamp": "2026-01-21T00:31:49.380411",
    "run_id": "20260120_234423"
}